{
    "NISACVD": {
        "ALL": {
            "X": [
                0.0,
                0.0,
                -48.951,
                0.0,
                48.951,
                0.0,
                -69.33108,
                -98.049,
                -69.33108,
                0.0,
                69.33108,
                98.049,
                69.33108,
                0.0,
                -103.944729,
                -147.0,
                -103.944729,
                0.0,
                103.944729,
                147.0,
                103.944729
            ],
            "Y": [
                0.0,
                -48.951,
                0.0,
                48.951,
                0.0,
                -98.049,
                -69.33108,
                0.0,
                69.33108,
                98.049,
                69.33108,
                0.0,
                -69.33108,
                -147.0,
                -103.944729,
                0.0,
                103.944729,
                147.0,
                103.944729,
                0.0,
                -103.944729
            ]
        }
    },
    "SACVD_SMT": {
        "ALL": {
            "X": [
                0.0,
                0.0,
                -48.951,
                0.0,
                48.951,
                0.0,
                -69.33108,
                -98.049,
                -69.33108,
                0.0,
                69.33108,
                98.049,
                69.33108,
                0.0,
                -103.944729,
                -147.0,
                -103.944729,
                0.0,
                103.944729,
                147.0,
                103.944729
            ],
            "Y": [
                0.0,
                -48.951,
                0.0,
                48.951,
                0.0,
                -98.049,
                -69.33108,
                0.0,
                69.33108,
                98.049,
                69.33108,
                0.0,
                -69.33108,
                -147.0,
                -103.944729,
                0.0,
                103.944729,
                147.0,
                103.944729,
                0.0,
                -103.944729
            ]
        }
    },
    "SACVD_SA": {
        "USG50&100": {
            "X": [
                0.0,
                0.0,
                -48.951,
                0.0,
                48.951,
                0.0,
                -69.33108,
                -98.049,
                -69.33108,
                0.0,
                69.33108,
                98.049,
                69.33108,
                0.0,
                -103.944729,
                -147.0,
                -103.944729,
                0.0,
                103.944729,
                147.0,
                103.944729
            ],
            "Y": [
                0.0,
                -48.951,
                0.0,
                48.951,
                0.0,
                -98.049,
                -69.33108,
                0.0,
                69.33108,
                98.049,
                69.33108,
                0.0,
                -69.33108,
                -147.0,
                -103.944729,
                0.0,
                103.944729,
                147.0,
                103.944729,
                0.0,
                -103.944729
            ]
        },
        "USG600&600HM": {
            "X": [
                0.0,
                0.0,
                -48.0,
                0.0,
                48.0,
                0.0,
                -67.88,
                -96.0,
                -67.88,
                0.0,
                67.88,
                96.0,
                67.88,
                0.0,
                -101.82,
                -144.0,
                -101.82,
                0.0,
                101.82,
                144.0,
                101.82
            ],
            "Y": [
                0.0,
                48.0,
                0.0,
                -48.0,
                0.0,
                96.0,
                67.88,
                0.0,
                -67.88,
                -96.0,
                -67.88,
                0.0,
                67.88,
                144.0,
                101.82,
                0.0,
                -101.82,
                -144.0,
                -101.82,
                0.0,
                101.82
            ]
        },
        "USG10.5K": {
            "X": [
                -65.7404,
                0.0,
                65.7404,
                131.4808,
                65.7404,
                0.0,
                -65.7404,
                -131.4808,
                -131.4808,
                -65.7404,
                0.0,
                65.7404,
                131.4808,
                131.4808,
                65.7404,
                0.0,
                -65.7404,
                -131.4808,
                -65.7404,
                0.0,
                65.7404
            ],
            "Y": [
                -131.4808,
                -131.4808,
                -131.4808,
                -65.7404,
                -65.7404,
                -65.7404,
                -65.7404,
                -65.7404,
                0.0,
                0.0,
                0.0,
                0.0,
                0.0,
                65.7404,
                65.7404,
                65.7404,
                65.7404,
                65.7404,
                131.4808,
                131.4808,
                131.4808
            ]
        },
        "USG2K_BARE": {
            "X": [
                0.0,
                0.0,
                -49.2839,
                0.0,
                49.2839,
                0.0,
                -69.7967,
                -98.7159,
                -69.7967,
                0.0,
                69.7967,
                98.7159,
                69.7967,
                0.0,
                -104.6507,
                -148.0,
                -104.6507,
                0.0,
                104.6507,
                148.0,
                104.6507
            ],
            "Y": [
                0.0,
                -49.2839,
                0.0,
                49.2839,
                0.0,
                -98.7159,
                -69.7967,
                0.0,
                69.7967,
                98.7159,
                69.7967,
                0.0,
                -69.7967,
                -148.0,
                -104.651,
                0.0,
                104.6507,
                148.0,
                104.6507,
                0.0,
                -104.651
            ]
        },
        "USG2K_222": {
            "X": [
                0.0,
                0.0,
                -49.2839,
                0.0,
                49.2839,
                0.0,
                -69.7967,
                -98.7159,
                -69.7967,
                0.0,
                69.7967,
                98.7159,
                69.7967,
                0.0,
                -104.6507,
                -148.0,
                -104.6507,
                0.0,
                104.6507,
                148.0,
                104.6507
            ],